/*
 Navicat Premium Data Transfer

 Source Server         : LOCAL
 Source Server Type    : MySQL
 Source Server Version : 100424
 Source Host           : localhost:3306
 Source Schema         : report

 Target Server Type    : MySQL
 Target Server Version : 100424
 File Encoding         : 65001

 Date: 11/10/2023 14:42:07
*/

SET NAMES utf8mb4;
SET FOREIGN_KEY_CHECKS = 0;

-- ----------------------------
-- Table structure for auth_activation_attempts
-- ----------------------------
DROP TABLE IF EXISTS `auth_activation_attempts`;
CREATE TABLE `auth_activation_attempts`  (
  `id` int(11) UNSIGNED NOT NULL AUTO_INCREMENT,
  `ip_address` varchar(255) CHARACTER SET utf8 COLLATE utf8_general_ci NOT NULL,
  `user_agent` varchar(255) CHARACTER SET utf8 COLLATE utf8_general_ci NOT NULL,
  `token` varchar(255) CHARACTER SET utf8 COLLATE utf8_general_ci NULL DEFAULT NULL,
  `created_at` datetime(0) NOT NULL,
  PRIMARY KEY (`id`) USING BTREE
) ENGINE = InnoDB AUTO_INCREMENT = 1 CHARACTER SET = utf8 COLLATE = utf8_general_ci ROW_FORMAT = Dynamic;

-- ----------------------------
-- Records of auth_activation_attempts
-- ----------------------------

-- ----------------------------
-- Table structure for auth_groups
-- ----------------------------
DROP TABLE IF EXISTS `auth_groups`;
CREATE TABLE `auth_groups`  (
  `id` int(11) UNSIGNED NOT NULL AUTO_INCREMENT,
  `name` varchar(255) CHARACTER SET utf8 COLLATE utf8_general_ci NOT NULL,
  `description` varchar(255) CHARACTER SET utf8 COLLATE utf8_general_ci NOT NULL,
  PRIMARY KEY (`id`) USING BTREE
) ENGINE = InnoDB AUTO_INCREMENT = 4 CHARACTER SET = utf8 COLLATE = utf8_general_ci ROW_FORMAT = Dynamic;

-- ----------------------------
-- Records of auth_groups
-- ----------------------------
INSERT INTO `auth_groups` VALUES (1, 'admin', '');
INSERT INTO `auth_groups` VALUES (3, 'supp', '');

-- ----------------------------
-- Table structure for auth_groups_permissions
-- ----------------------------
DROP TABLE IF EXISTS `auth_groups_permissions`;
CREATE TABLE `auth_groups_permissions`  (
  `group_id` int(11) UNSIGNED NOT NULL DEFAULT 0,
  `permission_id` int(11) UNSIGNED NOT NULL DEFAULT 0,
  INDEX `auth_groups_permissions_permission_id_foreign`(`permission_id`) USING BTREE,
  INDEX `group_id_permission_id`(`group_id`, `permission_id`) USING BTREE,
  CONSTRAINT `auth_groups_permissions_group_id_foreign` FOREIGN KEY (`group_id`) REFERENCES `auth_groups` (`id`) ON DELETE CASCADE ON UPDATE RESTRICT,
  CONSTRAINT `auth_groups_permissions_permission_id_foreign` FOREIGN KEY (`permission_id`) REFERENCES `auth_permissions` (`id`) ON DELETE CASCADE ON UPDATE RESTRICT
) ENGINE = InnoDB CHARACTER SET = utf8 COLLATE = utf8_general_ci ROW_FORMAT = Dynamic;

-- ----------------------------
-- Records of auth_groups_permissions
-- ----------------------------
INSERT INTO `auth_groups_permissions` VALUES (1, 1);
INSERT INTO `auth_groups_permissions` VALUES (3, 3);

-- ----------------------------
-- Table structure for auth_groups_users
-- ----------------------------
DROP TABLE IF EXISTS `auth_groups_users`;
CREATE TABLE `auth_groups_users`  (
  `group_id` int(11) UNSIGNED NOT NULL DEFAULT 0,
  `user_id` int(11) UNSIGNED NOT NULL DEFAULT 0,
  INDEX `auth_groups_users_user_id_foreign`(`user_id`) USING BTREE,
  INDEX `group_id_user_id`(`group_id`, `user_id`) USING BTREE,
  CONSTRAINT `auth_groups_users_group_id_foreign` FOREIGN KEY (`group_id`) REFERENCES `auth_groups` (`id`) ON DELETE CASCADE ON UPDATE RESTRICT,
  CONSTRAINT `auth_groups_users_user_id_foreign` FOREIGN KEY (`user_id`) REFERENCES `users` (`id`) ON DELETE CASCADE ON UPDATE RESTRICT
) ENGINE = InnoDB CHARACTER SET = utf8 COLLATE = utf8_general_ci ROW_FORMAT = Dynamic;

-- ----------------------------
-- Records of auth_groups_users
-- ----------------------------
INSERT INTO `auth_groups_users` VALUES (1, 1);
INSERT INTO `auth_groups_users` VALUES (3, 3);

-- ----------------------------
-- Table structure for auth_logins
-- ----------------------------
DROP TABLE IF EXISTS `auth_logins`;
CREATE TABLE `auth_logins`  (
  `id` int(11) UNSIGNED NOT NULL AUTO_INCREMENT,
  `ip_address` varchar(255) CHARACTER SET utf8 COLLATE utf8_general_ci NULL DEFAULT NULL,
  `email` varchar(255) CHARACTER SET utf8 COLLATE utf8_general_ci NULL DEFAULT NULL,
  `user_id` int(11) UNSIGNED NULL DEFAULT NULL,
  `date` datetime(0) NOT NULL,
  `success` tinyint(1) NOT NULL,
  PRIMARY KEY (`id`) USING BTREE,
  INDEX `email`(`email`) USING BTREE,
  INDEX `user_id`(`user_id`) USING BTREE
) ENGINE = InnoDB AUTO_INCREMENT = 10 CHARACTER SET = utf8 COLLATE = utf8_general_ci ROW_FORMAT = Dynamic;

-- ----------------------------
-- Records of auth_logins
-- ----------------------------
INSERT INTO `auth_logins` VALUES (1, '192.168.0.5', 'edp4@pt-api.com', NULL, '2023-10-10 07:56:23', 0);
INSERT INTO `auth_logins` VALUES (2, '192.168.0.5', 'edp4@pt-api.com', 1, '2023-10-10 07:59:14', 1);
INSERT INTO `auth_logins` VALUES (3, '192.168.0.5', 'edp4@pt-api.com', 1, '2023-10-10 08:00:07', 1);
INSERT INTO `auth_logins` VALUES (4, '192.168.0.5', 'supp@gmail.com', 3, '2023-10-11 02:33:28', 0);
INSERT INTO `auth_logins` VALUES (5, '192.168.0.5', 'edp4@pt-api.com', 1, '2023-10-11 02:35:49', 1);
INSERT INTO `auth_logins` VALUES (6, '192.168.0.5', 'supp@gmail.com', 3, '2023-10-11 03:28:18', 1);
INSERT INTO `auth_logins` VALUES (7, '192.168.0.5', 'supp@gmai.com', NULL, '2023-10-11 03:29:18', 0);
INSERT INTO `auth_logins` VALUES (8, '192.168.0.5', 'supp@gmail.com', 3, '2023-10-11 03:29:36', 1);
INSERT INTO `auth_logins` VALUES (9, '192.168.0.5', 'supp@gmail.com', 3, '2023-10-11 07:31:47', 1);

-- ----------------------------
-- Table structure for auth_permissions
-- ----------------------------
DROP TABLE IF EXISTS `auth_permissions`;
CREATE TABLE `auth_permissions`  (
  `id` int(11) UNSIGNED NOT NULL AUTO_INCREMENT,
  `name` varchar(255) CHARACTER SET utf8 COLLATE utf8_general_ci NOT NULL,
  `description` varchar(255) CHARACTER SET utf8 COLLATE utf8_general_ci NOT NULL,
  PRIMARY KEY (`id`) USING BTREE
) ENGINE = InnoDB AUTO_INCREMENT = 4 CHARACTER SET = utf8 COLLATE = utf8_general_ci ROW_FORMAT = Dynamic;

-- ----------------------------
-- Records of auth_permissions
-- ----------------------------
INSERT INTO `auth_permissions` VALUES (1, 'admin', '');
INSERT INTO `auth_permissions` VALUES (3, 'supp', '');

-- ----------------------------
-- Table structure for auth_reset_attempts
-- ----------------------------
DROP TABLE IF EXISTS `auth_reset_attempts`;
CREATE TABLE `auth_reset_attempts`  (
  `id` int(11) UNSIGNED NOT NULL AUTO_INCREMENT,
  `email` varchar(255) CHARACTER SET utf8 COLLATE utf8_general_ci NOT NULL,
  `ip_address` varchar(255) CHARACTER SET utf8 COLLATE utf8_general_ci NOT NULL,
  `user_agent` varchar(255) CHARACTER SET utf8 COLLATE utf8_general_ci NOT NULL,
  `token` varchar(255) CHARACTER SET utf8 COLLATE utf8_general_ci NULL DEFAULT NULL,
  `created_at` datetime(0) NOT NULL,
  PRIMARY KEY (`id`) USING BTREE
) ENGINE = InnoDB AUTO_INCREMENT = 1 CHARACTER SET = utf8 COLLATE = utf8_general_ci ROW_FORMAT = Dynamic;

-- ----------------------------
-- Records of auth_reset_attempts
-- ----------------------------

-- ----------------------------
-- Table structure for auth_tokens
-- ----------------------------
DROP TABLE IF EXISTS `auth_tokens`;
CREATE TABLE `auth_tokens`  (
  `id` int(11) UNSIGNED NOT NULL AUTO_INCREMENT,
  `selector` varchar(255) CHARACTER SET utf8 COLLATE utf8_general_ci NOT NULL,
  `hashedValidator` varchar(255) CHARACTER SET utf8 COLLATE utf8_general_ci NOT NULL,
  `user_id` int(11) UNSIGNED NOT NULL,
  `expires` datetime(0) NOT NULL,
  PRIMARY KEY (`id`) USING BTREE,
  INDEX `auth_tokens_user_id_foreign`(`user_id`) USING BTREE,
  INDEX `selector`(`selector`) USING BTREE,
  CONSTRAINT `auth_tokens_user_id_foreign` FOREIGN KEY (`user_id`) REFERENCES `users` (`id`) ON DELETE CASCADE ON UPDATE RESTRICT
) ENGINE = InnoDB AUTO_INCREMENT = 1 CHARACTER SET = utf8 COLLATE = utf8_general_ci ROW_FORMAT = Dynamic;

-- ----------------------------
-- Records of auth_tokens
-- ----------------------------

-- ----------------------------
-- Table structure for auth_users_permissions
-- ----------------------------
DROP TABLE IF EXISTS `auth_users_permissions`;
CREATE TABLE `auth_users_permissions`  (
  `user_id` int(11) UNSIGNED NOT NULL DEFAULT 0,
  `permission_id` int(11) UNSIGNED NOT NULL DEFAULT 0,
  INDEX `auth_users_permissions_permission_id_foreign`(`permission_id`) USING BTREE,
  INDEX `user_id_permission_id`(`user_id`, `permission_id`) USING BTREE,
  CONSTRAINT `auth_users_permissions_permission_id_foreign` FOREIGN KEY (`permission_id`) REFERENCES `auth_permissions` (`id`) ON DELETE CASCADE ON UPDATE RESTRICT,
  CONSTRAINT `auth_users_permissions_user_id_foreign` FOREIGN KEY (`user_id`) REFERENCES `users` (`id`) ON DELETE CASCADE ON UPDATE RESTRICT
) ENGINE = InnoDB CHARACTER SET = utf8 COLLATE = utf8_general_ci ROW_FORMAT = Dynamic;

-- ----------------------------
-- Records of auth_users_permissions
-- ----------------------------

-- ----------------------------
-- Table structure for migrations
-- ----------------------------
DROP TABLE IF EXISTS `migrations`;
CREATE TABLE `migrations`  (
  `id` bigint(20) UNSIGNED NOT NULL AUTO_INCREMENT,
  `version` varchar(255) CHARACTER SET utf8 COLLATE utf8_general_ci NOT NULL,
  `class` varchar(255) CHARACTER SET utf8 COLLATE utf8_general_ci NOT NULL,
  `group` varchar(255) CHARACTER SET utf8 COLLATE utf8_general_ci NOT NULL,
  `namespace` varchar(255) CHARACTER SET utf8 COLLATE utf8_general_ci NOT NULL,
  `time` int(11) NOT NULL,
  `batch` int(11) UNSIGNED NOT NULL,
  PRIMARY KEY (`id`) USING BTREE
) ENGINE = InnoDB AUTO_INCREMENT = 2 CHARACTER SET = utf8 COLLATE = utf8_general_ci ROW_FORMAT = Dynamic;

-- ----------------------------
-- Records of migrations
-- ----------------------------
INSERT INTO `migrations` VALUES (1, '2017-11-20-223112', 'Myth\\Auth\\Database\\Migrations\\CreateAuthTables', 'default', 'Myth\\Auth', 1696924078, 1);

-- ----------------------------
-- Table structure for users
-- ----------------------------
DROP TABLE IF EXISTS `users`;
CREATE TABLE `users`  (
  `id` int(11) UNSIGNED NOT NULL AUTO_INCREMENT,
  `email` varchar(255) CHARACTER SET utf8 COLLATE utf8_general_ci NOT NULL,
  `username` varchar(30) CHARACTER SET utf8 COLLATE utf8_general_ci NULL DEFAULT NULL,
  `image` varchar(255) CHARACTER SET utf8 COLLATE utf8_general_ci NULL DEFAULT 'default.png',
  `password_hash` varchar(255) CHARACTER SET utf8 COLLATE utf8_general_ci NOT NULL,
  `reset_hash` varchar(255) CHARACTER SET utf8 COLLATE utf8_general_ci NULL DEFAULT NULL,
  `reset_at` datetime(0) NULL DEFAULT NULL,
  `reset_expires` datetime(0) NULL DEFAULT NULL,
  `activate_hash` varchar(255) CHARACTER SET utf8 COLLATE utf8_general_ci NULL DEFAULT NULL,
  `status` varchar(255) CHARACTER SET utf8 COLLATE utf8_general_ci NULL DEFAULT NULL,
  `status_message` varchar(255) CHARACTER SET utf8 COLLATE utf8_general_ci NULL DEFAULT NULL,
  `active` tinyint(1) NOT NULL DEFAULT 0,
  `force_pass_reset` tinyint(1) NOT NULL DEFAULT 0,
  `created_at` datetime(0) NULL DEFAULT NULL,
  `updated_at` datetime(0) NULL DEFAULT NULL,
  `deleted_at` datetime(0) NULL DEFAULT NULL,
  PRIMARY KEY (`id`) USING BTREE,
  UNIQUE INDEX `email`(`email`) USING BTREE,
  UNIQUE INDEX `username`(`username`) USING BTREE
) ENGINE = InnoDB AUTO_INCREMENT = 4 CHARACTER SET = utf8 COLLATE = utf8_general_ci ROW_FORMAT = Dynamic;

-- ----------------------------
-- Records of users
-- ----------------------------
INSERT INTO `users` VALUES (1, 'edp4@pt-api.com', 'administrator', '1662023046_9015dc727a4e62cf0013.png', '$2y$10$ixsPGTyTO7K4.e64/IVRs.anE2sVvzoMWFZvd47iDZZyvkYhUJ0xa', NULL, NULL, NULL, NULL, NULL, NULL, 1, 0, '2022-08-11 01:08:52', '2022-08-29 14:43:47', NULL);
INSERT INTO `users` VALUES (3, 'supp@gmail.com', 'supplier', 'default.png', '$2y$10$G/D83PzMeJMcWC3hNvMN7uz.1StBwmUZnlixi4MU1OMpuOSbfjW.u', NULL, '2023-10-11 10:28:55', NULL, '4a8297165655903f69c89a2d1fd7316d', NULL, NULL, 1, 0, '2023-10-11 02:26:18', '2023-10-11 10:28:55', NULL);

SET FOREIGN_KEY_CHECKS = 1;
